IMAGE_VERSION_1,IMAGE_VERSION_2,IMAGE_VERSION_3
https://static.zara.net/photos///2024/V/0/3/p/5767/521/712/2/w/2048/5767521712_6_1_1.jpg?ts=1707751045954,https://static.zara.net/photos///2024/V/0/3/p/5767/521/712/2/w/2048/5767521712_6_2_1.jpg?ts=1707751045737,https://static.zara.net/photos///2024/V/0/3/p/5767/521/712/2/w/2048/5767521712_3_1_1.jpg?ts=1707751046435
https://static.zara.net/photos///2024/V/0/3/p/5536/532/658/2/w/2048/5536532658_6_1_1.jpg?ts=1710428896326,https://static.zara.net/photos///2024/V/0/3/p/5536/532/658/2/w/2048/5536532658_6_2_1.jpg?ts=1710428896373,https://static.zara.net/photos///2024/V/0/3/p/5536/532/658/2/w/2048/5536532658_3_1_1.jpg?ts=1710428894764
https://static.zara.net/photos///2024/V/0/1/p/2893/010/818/17/w/2048/2893010818_1_1_1.jpg?ts=1713965800221,https://static.zara.net/photos///2024/V/0/1/p/2893/010/818/17/w/2048/2893010818_2_1_1.jpg?ts=1713965805677,https://static.zara.net/photos///2024/V/0/1/p/2893/010/818/2/w/2048/2893010818_3_1_1.jpg?ts=1708506892071
https://static.zara.net/photos///2024/V/0/2/p/4432/475/922/2/w/2048/4432475922_6_1_1.jpg?ts=1710489196217,https://static.zara.net/photos///2024/V/0/2/p/4432/475/922/2/w/2048/4432475922_6_2_1.jpg?ts=1710489196510,https://static.zara.net/photos///2024/V/0/2/p/4432/475/922/2/w/2048/4432475922_3_1_1.jpg?ts=1710489197564
https://static.zara.net/photos///2024/V/0/2/p/0722/407/802/2/w/2048/0722407802_6_1_1.jpg?ts=1706778286656,https://static.zara.net/photos///2024/V/0/2/p/0722/407/802/2/w/2048/0722407802_6_2_1.jpg?ts=1706778287492,https://static.zara.net/photos///2024/V/0/2/p/0722/407/802/2/w/2048/0722407802_3_1_1.jpg?ts=1706778286615
https://static.zara.net/photos///2024/V/0/2/p/9621/451/406/2/w/2048/9621451406_6_1_1.jpg?ts=1708614924346,https://static.zara.net/photos///2024/V/0/2/p/9621/451/406/2/w/2048/9621451406_6_2_1.jpg?ts=1708614924551,https://static.zara.net/photos///2024/V/0/2/p/9621/451/406/2/w/2048/9621451406_3_1_1.jpg?ts=1708614926555
https://static.zara.net/photos///2023/I/0/3/p/2335/330/658/2/w/2048/2335330658_6_1_1.jpg?ts=1697035257419,https://static.zara.net/photos///2023/I/0/3/p/2335/330/658/2/w/2048/2335330658_6_2_1.jpg?ts=1697035256927,https://static.zara.net/photos///2023/I/0/3/p/2335/330/658/2/w/2048/2335330658_3_1_1.jpg?ts=1697035257225
https://static.zara.net/photos///2024/V/4/1/p/7128/091/250/2/w/2048/7128091250_6_1_1.jpg?ts=1707990094929,https://static.zara.net/photos///2024/V/4/1/p/7128/091/250/2/w/2048/7128091250_6_2_1.jpg?ts=1707990095190,
https://static.zara.net/photos///2024/V/0/1/p/5536/006/712/2/w/2048/5536006712_1_1_1.jpg?ts=1706274640339,https://static.zara.net/photos///2024/V/0/1/p/5536/006/712/2/w/2048/5536006712_2_1_1.jpg?ts=1706274640085,https://static.zara.net/photos///2024/V/0/1/p/5536/006/712/2/w/2048/5536006712_3_1_1.jpg?ts=1706197134291
https://static.zara.net/photos///2024/V/4/1/p/2617/529/500/2/w/2048/2617529500_6_1_1.jpg?ts=1701101192733,https://static.zara.net/photos///2024/V/4/1/p/2617/529/500/2/w/2048/2617529500_6_2_1.jpg?ts=1701101192913,
https://static.zara.net/photos///2024/V/0/3/p/3153/002/630/2/w/2048/3153002630_6_1_1.jpg?ts=1712070309964,https://static.zara.net/photos///2024/V/0/3/p/3153/002/630/2/w/2048/3153002630_6_2_1.jpg?ts=1712070310260,https://static.zara.net/photos///2024/V/0/3/p/3153/002/630/2/w/2048/3153002630_3_1_1.jpg?ts=1712070309147
https://static.zara.net/photos///2024/V/0/1/p/2910/009/051/17/w/2048/2910009051_1_1_1.jpg?ts=1710424540258,https://static.zara.net/photos///2024/V/0/1/p/2910/009/051/17/w/2048/2910009051_2_2_1.jpg?ts=1710424540535,https://static.zara.net/photos///2024/V/0/1/p/2910/009/051/2/w/2048/2910009051_3_1_1.jpg?ts=1709899261786
https://static.zara.net/photos///2023/I/1/3/p/1120/230/002/2/w/2048/1120230002_6_1_1.jpg?ts=1689164071469,https://static.zara.net/photos///2023/I/1/3/p/1120/230/002/2/w/2048/1120230002_6_2_1.jpg?ts=1689164071456,https://static.zara.net/photos///2023/I/1/3/p/1120/230/002/2/w/2048/1120230002_3_1_1.jpg?ts=1683629514201
https://static.zara.net/photos///2024/V/1/3/p/6687/330/002/2/w/2048/6687330002_6_1_1.jpg?ts=1713279944500,https://static.zara.net/photos///2024/V/1/3/p/6687/330/002/2/w/2048/6687330002_6_2_1.jpg?ts=1713279944295,https://static.zara.net/photos///2024/V/1/3/p/6687/330/002/2/w/2048/6687330002_3_1_1.jpg?ts=1713279944205
https://static.zara.net/photos///2024/V/4/1/p/7145/091/712/2/w/2048/7145091712_6_1_1.jpg?ts=1708594216876,https://static.zara.net/photos///2024/V/4/1/p/7145/091/712/2/w/2048/7145091712_6_2_1.jpg?ts=1708594217082,
https://static.zara.net/photos///2023/I/0/3/p/9959/552/721/2/w/2048/9959552721_6_1_1.jpg?ts=1698929412065,https://static.zara.net/photos///2023/I/0/3/p/9959/552/721/2/w/2048/9959552721_6_2_1.jpg?ts=1698929412326,https://static.zara.net/photos///2023/I/0/3/p/9959/552/721/2/w/2048/9959552721_3_1_1.jpg?ts=1698929407195
https://static.zara.net/photos///2024/V/0/3/p/1377/465/628/2/w/2048/1377465628_6_1_1.jpg?ts=1710348720219,https://static.zara.net/photos///2024/V/0/3/p/1377/465/628/2/w/2048/1377465628_6_2_1.jpg?ts=1710348720590,https://static.zara.net/photos///2024/V/0/3/p/1377/465/628/2/w/2048/1377465628_3_1_1.jpg?ts=1710348720190
https://static.zara.net/photos///2023/V/0/3/p/0485/633/300/2/w/2048/0485633300_6_1_1.jpg?ts=1681309241076,https://static.zara.net/photos///2023/V/0/3/p/0485/633/300/2/w/2048/0485633300_6_2_1.jpg?ts=1681309242636,https://static.zara.net/photos///2023/V/0/3/p/0485/633/300/2/w/2048/0485633300_3_1_1.jpg?ts=1679991575232
https://static.zara.net/photos///2024/V/0/1/p/7792/293/500/17/w/2048/7792293500_1_1_1.jpg?ts=1713882637103,https://static.zara.net/photos///2024/V/0/1/p/7792/293/500/17/w/2048/7792293500_2_1_1.jpg?ts=1713882637095,
https://static.zara.net/photos///2024/V/0/1/p/2287/595/800/3/w/2048/2287595800_1_1_1.jpg?ts=1711529251643,https://static.zara.net/photos///2024/V/0/1/p/2287/595/800/3/w/2048/2287595800_2_1_1.jpg?ts=1711529252148,https://static.zara.net/photos///2024/V/0/1/p/2287/595/800/2/w/2048/2287595800_3_1_1.jpg?ts=1706539767884
https://static.zara.net/photos///2024/V/4/1/p/6254/473/820/2/w/2048/6254473820_6_1_1.jpg?ts=1699289278899,https://static.zara.net/photos///2024/V/4/1/p/6254/473/820/2/w/2048/6254473820_6_2_1.jpg?ts=1699289279252,
https://static.zara.net/photos///2024/V/0/2/p/1501/401/250/202/w/2400/1501401250_6_1_1.jpg?ts=1701183997273,https://static.zara.net/photos///2024/V/0/2/p/1501/401/250/202/w/2400/1501401250_6_2_1.jpg?ts=1701183997241,https://static.zara.net/photos///2024/V/0/2/p/1501/401/250/2/w/2400/1501401250_3_1_1.jpg?ts=1701183927096
https://static.zara.net/photos///2024/V/0/1/p/4661/315/600/2/w/2048/4661315600_1_1_1.jpg?ts=1711034041649,https://static.zara.net/photos///2024/V/0/1/p/4661/315/600/2/w/2048/4661315600_2_1_1.jpg?ts=1711034041177,https://static.zara.net/photos///2024/V/0/1/p/4661/315/600/2/w/2048/4661315600_3_1_1.jpg?ts=1711114191096
https://static.zara.net/photos///2024/V/0/2/p/0679/416/251/2/w/2048/0679416251_6_1_1.jpg?ts=1714473878015,https://static.zara.net/photos///2024/V/0/2/p/0679/416/251/2/w/2048/0679416251_6_2_1.jpg?ts=1714473877883,https://static.zara.net/photos///2024/V/0/2/p/0679/416/251/2/w/2048/0679416251_3_1_1.jpg?ts=1714473877592
https://static.zara.net/photos///2024/V/0/3/p/2582/506/712/2/w/2048/2582506712_6_1_1.jpg?ts=1700479517929,https://static.zara.net/photos///2024/V/0/3/p/2582/506/712/2/w/2048/2582506712_6_2_1.jpg?ts=1700479517938,https://static.zara.net/photos///2024/V/0/3/p/2582/506/712/2/w/2048/2582506712_3_1_1.jpg?ts=1700479517336
https://static.zara.net/photos///2024/V/0/1/p/1736/013/700/18/w/2048/1736013700_2_1_1.jpg?ts=1709831847782,https://static.zara.net/photos///2024/V/0/1/p/1736/013/700/2/w/2048/1736013700_6_1_1.jpg?ts=1709054616288,https://static.zara.net/photos///2024/V/0/1/p/1736/013/700/2/w/2048/1736013700_3_1_1.jpg?ts=1709054615737
https://static.zara.net/photos///2024/V/0/1/p/4786/055/802/2/w/2048/4786055802_1_1_1.jpg?ts=1712923262030,https://static.zara.net/photos///2024/V/0/1/p/4786/055/802/2/w/2048/4786055802_2_1_1.jpg?ts=1712923262108,https://static.zara.net/photos///2024/V/0/1/p/4786/055/802/2/w/2048/4786055802_3_1_1.jpg?ts=1712743908341
https://static.zara.net/photos///2024/V/0/2/p/4285/498/401/2/w/2048/4285498401_6_1_1.jpg?ts=1706805340381,https://static.zara.net/photos///2024/V/0/2/p/4285/498/401/2/w/2048/4285498401_6_2_1.jpg?ts=1706805340401,https://static.zara.net/photos///2024/V/0/2/p/4285/498/401/2/w/2048/4285498401_3_1_1.jpg?ts=1706805340629
https://static.zara.net/photos///2024/V/4/1/p/2361/004/804/2/w/2048/2361004804_6_1_1.jpg?ts=1705048650766,https://static.zara.net/photos///2024/V/4/1/p/2361/004/804/2/w/2048/2361004804_6_2_1.jpg?ts=1705048650172,
https://static.zara.net/photos///2024/V/0/3/p/1716/327/621/2/w/2048/1716327621_6_1_1.jpg?ts=1711555021631,https://static.zara.net/photos///2024/V/0/3/p/1716/327/621/2/w/2048/1716327621_6_2_1.jpg?ts=1711555021509,https://static.zara.net/photos///2024/V/0/3/p/1716/327/621/2/w/2048/1716327621_3_1_1.jpg?ts=1711555021104
https://static.zara.net/photos///2024/V/0/1/p/4661/005/800/2/w/2048/4661005800_1_1_1.jpg?ts=1706628794635,https://static.zara.net/photos///2024/V/0/1/p/4661/005/800/2/w/2048/4661005800_2_1_1.jpg?ts=1706628794678,https://static.zara.net/photos///2024/V/0/1/p/4661/005/800/2/w/2048/4661005800_3_1_1.jpg?ts=1706632178761
https://static.zara.net/photos///2024/V/0/3/p/5624/500/600/2/w/2048/5624500600_6_1_1.jpg?ts=1699622510225,https://static.zara.net/photos///2024/V/0/3/p/5624/500/600/2/w/2048/5624500600_6_2_1.jpg?ts=1699622510416,https://static.zara.net/photos///2024/V/0/3/p/5624/500/600/2/w/2048/5624500600_3_1_1.jpg?ts=1699622510431
https://static.zara.net/photos///2024/V/0/3/p/4805/693/707/2/w/2048/4805693707_6_1_1.jpg?ts=1713426141506,https://static.zara.net/photos///2024/V/0/3/p/4805/693/707/2/w/2048/4805693707_6_2_1.jpg?ts=1713426263531,https://static.zara.net/photos///2024/V/0/3/p/4805/693/707/2/w/2048/4805693707_3_1_1.jpg?ts=1713426264691
https://static.zara.net/photos///2024/V/0/2/p/2241/405/500/2/w/2048/2241405500_6_1_1.jpg?ts=1712241669861,https://static.zara.net/photos///2024/V/0/2/p/2241/405/500/2/w/2048/2241405500_6_2_1.jpg?ts=1712241669371,https://static.zara.net/photos///2024/V/0/2/p/2241/405/500/2/w/2048/2241405500_3_1_1.jpg?ts=1712241670028
https://static.zara.net/photos///2023/I/0/3/p/0039/678/800/2/w/2048/0039678800_6_1_1.jpg?ts=1692625465132,https://static.zara.net/photos///2023/I/0/3/p/0039/678/800/2/w/2048/0039678800_6_2_1.jpg?ts=1692625464452,https://static.zara.net/photos///2023/I/0/3/p/0039/678/800/2/w/2048/0039678800_3_1_1.jpg?ts=1692625464746
https://static.zara.net/photos///2024/V/1/1/p/2211/310/800/2/w/2048/2211310800_6_1_1.jpg?ts=1705306372176,https://static.zara.net/photos///2024/V/1/1/p/2211/310/800/2/w/2048/2211310800_6_2_1.jpg?ts=1702464885571,https://static.zara.net/photos///2024/V/1/1/p/2211/310/800/2/w/2048/2211310800_3_1_1.jpg?ts=1705308807317
https://static.zara.net/photos///2024/W/0/2/p/7545/534/021/2/w/2048/7545534021_6_1_1.jpg?ts=1704963620004,https://static.zara.net/photos///2024/W/0/2/p/7545/534/021/2/w/2048/7545534021_6_2_1.jpg?ts=1704963620252,https://static.zara.net/photos///2023/I/0/2/p/7545/534/021/2/w/2048/7545534021_3_1_1.jpg?ts=1691047050961
https://static.zara.net/photos///2024/V/0/2/p/1942/402/505/2/w/2048/1942402505_6_1_1.jpg?ts=1701430657535,https://static.zara.net/photos///2024/V/0/2/p/1942/402/505/2/w/2048/1942402505_6_2_1.jpg?ts=1701430657675,https://static.zara.net/photos///2024/V/0/2/p/1942/402/505/2/w/2048/1942402505_3_1_1.jpg?ts=1701430656987
https://static.zara.net/photos///2024/V/0/1/p/3666/063/630/2/w/2048/3666063630_1_1_1.jpg?ts=1706880694259,https://static.zara.net/photos///2024/V/0/1/p/3666/063/630/2/w/2048/3666063630_2_1_1.jpg?ts=1706880694502,https://static.zara.net/photos///2024/V/0/1/p/3666/063/630/2/w/2048/3666063630_3_1_1.jpg?ts=1706872583846
https://static.zara.net/photos///2024/V/0/1/p/3186/227/300/2/w/3600/3186227300_1_1_1.jpg?ts=1713283183283,https://static.zara.net/photos///2024/V/0/1/p/3186/227/300/2/w/3600/3186227300_2_1_1.jpg?ts=1713283183432,https://static.zara.net/photos///2024/V/0/1/p/3186/227/300/2/w/2400/3186227300_3_1_1.jpg?ts=1713343397071
https://static.zara.net/photos///2024/V/0/1/p/6045/022/800/18/w/2048/6045022800_1_1_1.jpg?ts=1713958471407,https://static.zara.net/photos///2024/V/0/1/p/6045/022/800/18/w/2048/6045022800_2_1_1.jpg?ts=1713958470681,https://static.zara.net/photos///2024/V/0/1/p/5520/022/800/2/w/2048/5520022800_3_1_1.jpg?ts=1704789379517
https://static.zara.net/photos///2024/W/1/2/p/2008/220/800/2/w/2048/2008220800_6_1_1.jpg?ts=1709805868861,https://static.zara.net/photos///2024/W/1/2/p/2008/220/800/2/w/2048/2008220800_6_2_1.jpg?ts=1709805869000,https://static.zara.net/photos///2024/W/1/2/p/2008/220/800/2/w/2048/2008220800_3_1_1.jpg?ts=1709805870520
https://static.zara.net/photos///2024/V/4/1/p/2185/004/800/2/w/2048/2185004800_6_1_1.jpg?ts=1699482505829,https://static.zara.net/photos///2024/V/4/1/p/2185/004/800/2/w/2048/2185004800_6_2_1.jpg?ts=1699482505714,
https://static.zara.net/photos///2024/W/0/1/p/7648/172/800/2/w/2048/7648172800_6_1_1.jpg?ts=1709635992428,https://static.zara.net/photos///2024/W/0/1/p/7648/172/800/2/w/2048/7648172800_6_2_1.jpg?ts=1709635991485,https://static.zara.net/photos///2024/W/0/1/p/7648/172/800/2/w/2048/7648172800_3_1_1.jpg?ts=1709635991535
https://static.zara.net/photos///2024/V/0/1/p/1014/308/800/2/w/2048/1014308800_1_1_1.jpg?ts=1709652756720,https://static.zara.net/photos///2024/V/0/1/p/1014/308/800/2/w/2048/1014308800_6_1_1.jpg?ts=1709718661398,https://static.zara.net/photos///2024/V/0/1/p/1014/308/800/2/w/2048/1014308800_3_1_1.jpg?ts=1709718660204
https://static.zara.net/photos///2024/W/0/1/p/2288/886/806/502/w/2048/2288886806_1_1_1.jpg?ts=1714151957508,https://static.zara.net/photos///2024/W/0/1/p/2288/886/806/502/w/2048/2288886806_2_1_1.jpg?ts=1714151976271,https://static.zara.net/photos///2024/V/0/1/p/2288/886/806/2/w/2048/2288886806_3_1_1.jpg?ts=1705672005709
https://static.zara.net/photos///2024/V/0/1/p/2753/122/807/2/w/2048/2753122807_1_1_1.jpg?ts=1700645686962,https://static.zara.net/photos///2024/V/0/1/p/2753/122/807/2/w/2048/2753122807_2_1_1.jpg?ts=1700650758524,https://static.zara.net/photos///2024/V/0/1/p/2753/122/807/2/w/2048/2753122807_3_1_1.jpg?ts=1700588671720
https://static.zara.net/photos///2024/V/0/3/p/1473/573/629/2/w/2048/1473573629_6_1_1.jpg?ts=1700046031865,https://static.zara.net/photos///2024/V/0/3/p/1473/573/629/2/w/2048/1473573629_6_2_1.jpg?ts=1700046031740,https://static.zara.net/photos///2024/V/0/3/p/1473/573/629/2/w/2048/1473573629_3_1_1.jpg?ts=1700046033560
https://static.zara.net/photos///2023/V/0/3/p/5507/600/704/2/w/2048/5507600704_6_1_1.jpg?ts=1671119880322,https://static.zara.net/photos///2023/V/0/3/p/5507/600/704/2/w/2048/5507600704_6_2_1.jpg?ts=1671119880202,https://static.zara.net/photos///2023/V/0/3/p/5507/600/704/2/w/1821/5507600704_3_1_1.jpg?ts=1671112800000
https://static.zara.net/photos///2024/V/0/2/p/0840/402/427/2/w/2048/0840402427_6_1_1.jpg?ts=1706119010478,https://static.zara.net/photos///2024/V/0/2/p/0840/402/427/2/w/2048/0840402427_6_2_1.jpg?ts=1706119010837,https://static.zara.net/photos///2024/V/0/2/p/0840/402/427/2/w/1402/0840402427_3_1_1.jpg?ts=1706119010805
https://static.zara.net/photos///2023/I/0/3/p/2496/689/620/2/w/2048/2496689620_6_1_1.jpg?ts=1689754945696,https://static.zara.net/photos///2023/I/0/3/p/2496/689/620/2/w/2048/2496689620_6_2_1.jpg?ts=1689754946973,https://static.zara.net/photos///2023/I/0/3/p/2496/689/620/2/w/2048/2496689620_3_1_1.jpg?ts=1689844636305
https://static.zara.net/photos///2024/V/0/2/p/1063/406/251/2/w/2048/1063406251_6_1_1.jpg?ts=1708074139445,https://static.zara.net/photos///2024/V/0/2/p/1063/406/251/2/w/2048/1063406251_6_2_1.jpg?ts=1708074139440,https://static.zara.net/photos///2024/V/0/2/p/1063/406/251/2/w/2048/1063406251_3_1_1.jpg?ts=1708074139439
https://static.zara.net/photos///2023/I/0/3/p/6048/558/712/2/w/2048/6048558712_6_1_1.jpg?ts=1690969626202,https://static.zara.net/photos///2023/I/0/3/p/6048/558/712/2/w/2048/6048558712_6_2_1.jpg?ts=1690969623291,https://static.zara.net/photos///2023/I/0/3/p/6048/558/712/2/w/2048/6048558712_3_1_1.jpg?ts=1688464395088
https://static.zara.net/photos///2023/I/0/3/p/5350/761/712/2/w/2048/5350761712_6_1_1.jpg?ts=1692859991049,https://static.zara.net/photos///2023/I/0/3/p/5350/761/712/2/w/2048/5350761712_6_2_1.jpg?ts=1692859991524,https://static.zara.net/photos///2023/I/0/3/p/5350/761/712/2/w/2048/5350761712_3_1_1.jpg?ts=1692859994219
https://static.zara.net/photos///2024/V/4/1/p/9541/014/250/2/w/2048/9541014250_6_1_1.jpg?ts=1712137067943,https://static.zara.net/photos///2024/V/4/1/p/9541/014/250/2/w/2048/9541014250_6_2_1.jpg?ts=1712137068324,
https://static.zara.net/photos///2024/W/1/3/p/6701/130/007/2/w/2048/6701130007_6_1_1.jpg?ts=1705476870009,https://static.zara.net/photos///2024/W/1/3/p/6701/130/007/2/w/2048/6701130007_6_2_1.jpg?ts=1705476870028,
https://static.zara.net/photos///2024/V/0/1/p/5862/059/811/2/w/2048/5862059811_1_1_1.jpg?ts=1711387259411,https://static.zara.net/photos///2024/V/0/1/p/5862/059/811/2/w/2048/5862059811_2_1_1.jpg?ts=1711387259273,https://static.zara.net/photos///2024/V/0/1/p/5862/059/811/2/w/2048/5862059811_3_1_1.jpg?ts=1707511076020
https://static.zara.net/photos///2024/V/1/2/p/2283/320/001/2/w/2048/2283320001_6_1_1.jpg?ts=1707984984760,https://static.zara.net/photos///2024/V/1/2/p/2283/320/001/2/w/2048/2283320001_6_2_1.jpg?ts=1707984984847,https://static.zara.net/photos///2024/V/1/2/p/2283/320/001/2/w/2048/2283320001_3_1_1.jpg?ts=1707984984653
https://static.zara.net/photos///2024/V/1/1/p/2223/310/808/2/w/2048/2223310808_6_1_1.jpg?ts=1706528998338,https://static.zara.net/photos///2024/V/1/1/p/2223/310/808/2/w/2048/2223310808_6_2_1.jpg?ts=1706528998563,https://static.zara.net/photos///2024/V/1/1/p/2223/310/808/2/w/2048/2223310808_3_1_1.jpg?ts=1706528998336
https://static.zara.net/photos///2024/V/0/2/p/0775/401/555/2/w/2048/0775401555_6_1_1.jpg?ts=1699958327454,https://static.zara.net/photos///2024/V/0/2/p/0775/401/555/2/w/2048/0775401555_6_2_1.jpg?ts=1699958327474,https://static.zara.net/photos///2024/V/0/2/p/0775/401/555/2/w/2048/0775401555_3_1_1.jpg?ts=1699958328141
https://static.zara.net/photos///2024/V/1/1/p/2627/310/107/2/w/2048/2627310107_6_1_1.jpg?ts=1710953892906,https://static.zara.net/photos///2024/V/1/1/p/2627/310/107/2/w/2048/2627310107_6_2_1.jpg?ts=1710953892894,https://static.zara.net/photos///2024/V/1/1/p/2627/310/107/2/w/2048/2627310107_3_1_1.jpg?ts=1710953893041
https://static.zara.net/photos///2024/V/0/3/p/5431/618/805/2/w/2048/5431618805_6_1_1.jpg?ts=1711449323258,https://static.zara.net/photos///2024/V/0/3/p/5431/618/805/2/w/2048/5431618805_6_2_1.jpg?ts=1711449323495,https://static.zara.net/photos///2024/V/0/3/p/5431/618/805/2/w/2048/5431618805_3_1_1.jpg?ts=1711449323274
https://static.zara.net/photos///2024/V/4/1/p/9137/004/712/2/w/2048/9137004712_6_1_1.jpg?ts=1703697027754,https://static.zara.net/photos///2024/V/4/1/p/9137/004/712/2/w/2048/9137004712_6_2_1.jpg?ts=1703697027703,
https://static.zara.net/photos///2024/V/4/1/p/9470/703/627/2/w/2048/9470703627_6_1_1.jpg?ts=1712045481872,https://static.zara.net/photos///2024/V/4/1/p/9470/703/627/2/w/2048/9470703627_6_2_1.jpg?ts=1712045481414,
https://static.zara.net/photos///2024/V/0/3/p/1304/434/500/2/w/2048/1304434500_6_1_1.jpg?ts=1713177187139,https://static.zara.net/photos///2024/V/0/3/p/1304/434/500/2/w/2048/1304434500_6_2_1.jpg?ts=1713177187189,https://static.zara.net/photos///2024/V/0/3/p/1304/434/500/2/w/2048/1304434500_3_1_1.jpg?ts=1709715967691
https://static.zara.net/photos///2024/V/4/1/p/1511/105/052/2/w/2048/1511105052_6_1_1.jpg?ts=1704373367638,https://static.zara.net/photos///2024/V/4/1/p/1511/105/052/2/w/2048/1511105052_6_2_1.jpg?ts=1704373367613,
https://static.zara.net/photos///2024/V/4/1/p/3101/579/712/2/w/2048/3101579712_6_1_1.jpg?ts=1713944331286,https://static.zara.net/photos///2024/V/4/1/p/3101/579/712/2/w/2048/3101579712_6_2_1.jpg?ts=1713944297380,
https://static.zara.net/photos///2024/W/0/1/p/4437/042/600/502/w/2048/4437042600_1_1_1.jpg?ts=1707734952081,https://static.zara.net/photos///2024/W/0/1/p/4437/042/600/502/w/2048/4437042600_2_1_1.jpg?ts=1707734952062,https://static.zara.net/photos///2024/V/0/1/p/4437/042/600/2/w/2048/4437042600_3_1_1.jpg?ts=1706804613739
https://static.zara.net/photos///2023/I/1/2/p/2042/220/800/2/w/2048/2042220800_6_1_1.jpg?ts=1694610291879,https://static.zara.net/photos///2023/I/1/2/p/2042/220/800/2/w/2048/2042220800_6_2_1.jpg?ts=1694610291898,https://static.zara.net/photos///2023/I/1/2/p/2042/220/800/2/w/2048/2042220800_3_1_1.jpg?ts=1694610291908
https://static.zara.net/photos///2024/V/0/2/p/4080/017/802/2/w/4000/4080017802_6_1_1.jpg?ts=1701098484553,https://static.zara.net/photos///2024/V/0/2/p/4080/017/802/2/w/2048/4080017802_6_2_1.jpg?ts=1701098483345,https://static.zara.net/photos///2024/V/0/2/p/4080/017/802/2/w/4000/4080017802_3_1_1.jpg?ts=1701098484553
https://static.zara.net/photos///2024/V/4/1/p/1602/466/926/2/w/2048/1602466926_6_1_1.jpg?ts=1705661653252,https://static.zara.net/photos///2024/V/4/1/p/1602/466/926/2/w/2048/1602466926_6_2_1.jpg?ts=1705661654760,
https://static.zara.net/photos///2024/V/1/1/p/1052/300/004/2/w/2048/1052300004_6_1_1.jpg?ts=1704879756957,https://static.zara.net/photos///2024/V/1/1/p/1052/300/004/2/w/2048/1052300004_6_2_1.jpg?ts=1704879756971,
https://static.zara.net/photos///2024/V/4/1/p/5114/091/711/2/w/2048/5114091711_6_1_1.jpg?ts=1701102762876,https://static.zara.net/photos///2024/V/4/1/p/5114/091/711/2/w/2048/5114091711_6_2_1.jpg?ts=1701102762810,
https://static.zara.net/photos///2024/V/0/3/p/1296/468/612/2/w/2048/1296468612_6_1_1.jpg?ts=1707152780700,https://static.zara.net/photos///2024/V/0/3/p/1296/468/612/2/w/2048/1296468612_6_2_1.jpg?ts=1707152780519,https://static.zara.net/photos///2024/V/0/3/p/1296/468/612/2/w/2048/1296468612_3_1_1.jpg?ts=1707152780574
https://static.zara.net/photos///2024/V/0/1/p/1131/320/710/2/w/2048/1131320710_1_1_1.jpg?ts=1704990002553,https://static.zara.net/photos///2024/V/0/1/p/1131/320/710/2/w/2048/1131320710_2_1_1.jpg?ts=1704990002041,https://static.zara.net/photos///2024/V/0/1/p/1131/320/710/2/w/2048/1131320710_3_1_1.jpg?ts=1704711605584
https://static.zara.net/photos///2024/V/0/1/p/3046/547/505/2/w/2048/3046547505_6_1_1.jpg?ts=1709300659736,https://static.zara.net/photos///2024/V/0/1/p/3046/547/505/2/w/2048/3046547505_6_2_1.jpg?ts=1709279585865,https://static.zara.net/photos///2024/V/0/1/p/3046/547/505/2/w/2048/3046547505_3_1_1.jpg?ts=1709279583275
https://static.zara.net/photos///2024/V/0/2/p/0679/402/250/2/w/2048/0679402250_6_1_1.jpg?ts=1704357326219,https://static.zara.net/photos///2024/V/0/2/p/0679/402/250/2/w/2048/0679402250_6_2_1.jpg?ts=1704357326242,https://static.zara.net/photos///2024/V/0/2/p/0679/402/250/2/w/2048/0679402250_3_1_1.jpg?ts=1704357326556
https://static.zara.net/photos///2023/I/0/3/p/0722/795/712/2/w/2048/0722795712_6_1_1.jpg?ts=1691142812183,https://static.zara.net/photos///2023/I/0/3/p/0722/795/712/2/w/2048/0722795712_6_2_1.jpg?ts=1691142812142,https://static.zara.net/photos///2023/I/0/3/p/0722/795/712/2/w/2048/0722795712_3_1_1.jpg?ts=1691142811973
https://static.zara.net/photos///2024/V/1/1/p/3858/210/800/2/w/2048/3858210800_6_1_1.jpg?ts=1703160787783,https://static.zara.net/photos///2024/V/1/1/p/3858/210/800/2/w/2048/3858210800_6_2_1.jpg?ts=1703160787836,https://static.zara.net/photos///2023/I/1/1/p/3858/210/800/2/w/2048/3858210800_3_1_1.jpg?ts=1695894938499
https://static.zara.net/photos///2024/V/0/3/p/5350/534/712/2/w/2048/5350534712_6_1_1.jpg?ts=1707725081544,https://static.zara.net/photos///2024/V/0/3/p/5350/534/712/2/w/2048/5350534712_6_2_1.jpg?ts=1707725082051,https://static.zara.net/photos///2024/V/0/3/p/5350/534/712/2/w/2048/5350534712_3_1_1.jpg?ts=1707725079118
https://static.zara.net/photos///2023/I/0/3/p/4428/772/824/2/w/2048/4428772824_6_1_1.jpg?ts=1697447513734,https://static.zara.net/photos///2023/I/0/3/p/4428/772/824/2/w/2048/4428772824_6_2_1.jpg?ts=1697447513748,https://static.zara.net/photos///2023/I/0/3/p/4428/772/824/2/w/2048/4428772824_3_1_1.jpg?ts=1697447513554
https://static.zara.net/photos///2024/V/0/3/p/5644/874/982/2/w/2400/5644874982_6_1_1.jpg?ts=1713942195557,https://static.zara.net/photos///2024/V/0/3/p/5644/874/982/2/w/2400/5644874982_6_2_1.jpg?ts=1713942195738,https://static.zara.net/photos///2024/V/0/3/p/5644/874/982/2/w/2400/5644874982_3_1_1.jpg?ts=1713942170790
https://static.zara.net/photos///2024/V/1/3/p/1236/330/057/2/w/2048/1236330057_6_1_1.jpg?ts=1708071461967,https://static.zara.net/photos///2024/V/1/3/p/1236/330/057/2/w/2048/1236330057_6_2_1.jpg?ts=1708071462031,https://static.zara.net/photos///2024/V/1/3/p/1236/330/057/2/w/2048/1236330057_3_1_1.jpg?ts=1708071461933
https://static.zara.net/photos///2024/W/1/1/p/1211/110/035/2/w/2048/1211110035_6_1_1.jpg?ts=1703667776374,https://static.zara.net/photos///2024/W/1/1/p/1211/110/035/2/w/2048/1211110035_6_2_1.jpg?ts=1703667776650,https://static.zara.net/photos///2024/W/1/1/p/1211/110/035/2/w/2048/1211110035_3_1_1.jpg?ts=1703667776397
https://static.zara.net/photos///2024/W/1/2/p/2655/220/500/2/w/2048/2655220500_6_1_1.jpg?ts=1709542014231,https://static.zara.net/photos///2024/W/1/2/p/2655/220/500/2/w/2048/2655220500_6_2_1.jpg?ts=1709542014138,https://static.zara.net/photos///2023/S/1/2/p/2655/220/500/2/w/2048/2655220500_3_1_1.jpg?ts=1697192664475
https://static.zara.net/photos///2024/V/0/3/p/3182/767/400/2/w/2048/3182767400_6_1_1.jpg?ts=1700730460864,https://static.zara.net/photos///2024/V/0/3/p/3182/767/400/2/w/2048/3182767400_6_2_1.jpg?ts=1700730460742,https://static.zara.net/photos///2024/V/0/3/p/3182/767/400/2/w/2048/3182767400_3_1_1.jpg?ts=1700730461205
https://static.zara.net/photos///2023/I/0/2/p/3332/300/712/2/w/2048/3332300712_6_1_1.jpg?ts=1690196395378,https://static.zara.net/photos///2023/I/0/2/p/3332/300/712/2/w/2048/3332300712_6_2_1.jpg?ts=1690196395544,https://static.zara.net/photos///2023/I/0/2/p/3332/300/712/2/w/2048/3332300712_3_1_1.jpg?ts=1690196399411
https://static.zara.net/photos///2024/V/0/3/p/5048/604/712/2/w/2048/5048604712_6_1_1.jpg?ts=1711015946111,https://static.zara.net/photos///2024/V/0/3/p/5048/604/712/2/w/2048/5048604712_6_2_1.jpg?ts=1711015946192,https://static.zara.net/photos///2024/V/0/3/p/5048/604/712/2/w/2048/5048604712_3_1_1.jpg?ts=1711015945875
https://static.zara.net/photos///2024/V/1/1/p/1320/310/400/2/w/2048/1320310400_6_1_1.jpg?ts=1707405355617,https://static.zara.net/photos///2024/V/1/1/p/1320/310/400/2/w/2048/1320310400_6_2_1.jpg?ts=1707405355591,https://static.zara.net/photos///2024/V/1/1/p/1320/310/400/2/w/2048/1320310400_3_1_1.jpg?ts=1707405355592
https://static.zara.net/photos///2024/V/0/3/p/8727/554/406/2/w/2048/8727554406_6_1_1.jpg?ts=1709133839613,https://static.zara.net/photos///2024/V/0/3/p/8727/554/406/2/w/2048/8727554406_6_2_1.jpg?ts=1709133839236,https://static.zara.net/photos///2024/V/0/3/p/8727/554/406/2/w/2048/8727554406_3_1_1.jpg?ts=1709133839312
https://static.zara.net/photos///2023/I/0/3/p/4701/794/800/2/w/2048/4701794800_6_1_1.jpg?ts=1688714802523,https://static.zara.net/photos///2023/I/0/3/p/4701/794/800/2/w/2048/4701794800_6_2_1.jpg?ts=1688714802579,https://static.zara.net/photos///2023/I/0/3/p/4701/794/800/2/w/2048/4701794800_3_1_1.jpg?ts=1688714801968
https://static.zara.net/photos///2024/V/1/3/p/1290/330/002/2/w/2048/1290330002_6_1_1.jpg?ts=1710427518492,https://static.zara.net/photos///2024/V/1/3/p/1290/330/002/2/w/2048/1290330002_6_2_1.jpg?ts=1710427518040,https://static.zara.net/photos///2024/V/1/3/p/1290/330/002/2/w/2048/1290330002_3_1_1.jpg?ts=1710427517827
https://static.zara.net/photos///2024/V/0/2/p/5372/400/819/2/w/2048/5372400819_6_1_1.jpg?ts=1707295791049,https://static.zara.net/photos///2024/V/0/2/p/5372/400/819/2/w/2048/5372400819_6_2_1.jpg?ts=1707295790461,https://static.zara.net/photos///2024/V/0/2/p/5372/400/819/2/w/2048/5372400819_3_1_1.jpg?ts=1707295794247
https://static.zara.net/photos///2024/V/0/2/p/9065/416/711/2/w/2048/9065416711_6_1_1.jpg?ts=1712131610610,https://static.zara.net/photos///2024/V/0/2/p/9065/416/711/2/w/2048/9065416711_6_2_1.jpg?ts=1712131611069,https://static.zara.net/photos///2024/V/0/2/p/9065/416/711/2/w/2048/9065416711_3_1_1.jpg?ts=1712131610801
https://static.zara.net/photos///2024/V/0/3/p/2548/604/401/2/w/2048/2548604401_6_1_1.jpg?ts=1711007694032,https://static.zara.net/photos///2024/V/0/3/p/2548/604/401/2/w/2048/2548604401_6_2_1.jpg?ts=1711007694215,https://static.zara.net/photos///2024/V/0/3/p/2548/604/401/2/w/2048/2548604401_3_1_1.jpg?ts=1711007694832
https://static.zara.net/photos///2024/V/1/1/p/6231/310/800/2/w/2048/6231310800_6_1_1.jpg?ts=1711540769207,https://static.zara.net/photos///2024/V/1/1/p/6231/310/800/2/w/2048/6231310800_6_2_1.jpg?ts=1711540769356,https://static.zara.net/photos///2024/V/1/1/p/6231/310/800/2/w/2048/6231310800_3_1_1.jpg?ts=1711540769582
https://static.zara.net/photos///2024/V/0/1/p/2584/117/630/17/w/2048/2584117630_1_1_1.jpg?ts=1710762997977,https://static.zara.net/photos///2024/V/0/1/p/2584/117/630/17/w/2048/2584117630_2_1_1.jpg?ts=1710762997983,https://static.zara.net/photos///2024/V/0/1/p/2584/117/630/2/w/2048/2584117630_3_1_1.jpg?ts=1707299675327
https://static.zara.net/photos///2024/V/0/1/p/1903/002/700/5/w/2048/1903002700_1_1_1.jpg?ts=1709810271484,https://static.zara.net/photos///2024/V/0/1/p/1903/002/700/2/w/2048/1903002700_6_1_1.jpg?ts=1709050342068,https://static.zara.net/photos///2024/V/0/1/p/1903/002/700/2/w/2048/1903002700_3_1_1.jpg?ts=1709050341018
https://static.zara.net/photos///2024/V/0/2/p/4302/305/800/2/w/2048/4302305800_6_1_1.jpg?ts=1703838861782,https://static.zara.net/photos///2024/V/0/2/p/4302/305/800/2/w/2048/4302305800_6_2_1.jpg?ts=1703838861699,https://static.zara.net/photos///2024/V/0/2/p/4302/305/800/2/w/2048/4302305800_3_1_1.jpg?ts=1703838861751
